{
  "project_info": {
    "project_number": "188171757908",
    "project_id": "socialapp-79660",
    "storage_bucket": "socialapp-79660.appspot.com"
  },
  "client": [
    {
      "client_info": {
        "mobilesdk_app_id": "1:188171757908:android:9faf84a230ebe539e080c1",
        "android_client_info": {
          "package_name": "com.pratik.socialapp"
        }
      },
      "oauth_client": [
        {
          "client_id": "188171757908-vp4ls5b9it06hpr1oh5vcsdvthgqcbup.apps.googleusercontent.com",
          "client_type": 3
        }
      ],
      "api_key": [
        {
          "current_key": "AIzaSyCAhTrvxsq26zRUANYZegx3ouZh2YvU1Wk"
        }
      ],
      "services": {
        "appinvite_service": {
          "other_platform_oauth_client": [
            {
              "client_id": "188171757908-vp4ls5b9it06hpr1oh5vcsdvthgqcbup.apps.googleusercontent.com",
              "client_type": 3
            }
          ]
        }
      }
    }
  ],
  "configuration_version": "1"
}